stagedproject_id,project_id
3017450,6605850621134324876
3017091,6306096057453463865
3017941,6715574820660126218
3018476,6743777328272336527
3017575,6621899346256456096
3018475,6743777328272336527
3017759,6704442278329532689
3018713,6756580003011439560
3017627,6663251806821617769
3018245,6731160423800869995
3018242,6731160410884517310
3008088,6044787352356898553
3018349,6736355611915652364
3018466,6743406247408636275
3008559,6060317546077337482
3018341,6735984522430616095
3017217,6655830099008738502
3018340,6735984522430616095
3016136,6548755533606923747
3016047,6538703497579414252
3017216,6655830098995952701
3015990,6533650837922883474
3015986,6533650837922883474
3015985,6533650837922883474
3016063,6503883879869408782
3016110,6548697731847591349
3015987,6533650837922883474
3015977,6533170450125787926
3015989,6533650837922883474
3015973,6533170441522062059
3018829,6724954758683154898
3018750,6509411090462479683
3018685,6714832654606362565
3018683,6704611534495109871
3016026,6205066714275747386
3018276,6732102039498750499
3018592,6750827942290517057
3018590,6739324289000009996
3018492,6630225239143940941
3018275,6732102039498750499
3018274,6732102039498750499
3017982,6635049389360520454
3015922,6522382226703850441
3018226,6628508287315659941
3018225,6628508287315659941
3015915,6521776099447154528
3015912,6520291758746740138
3015835,6510174855917641383
3016408,6504261433267509763
3018269,6731902559747574835
3018268,6731902559747574835
3018265,6731531496058908005
3018264,6731531496058908005
3018263,6731531496058908005
3018262,6731531496058908005
3018261,6731531496058908005
3018260,6731531487453185519
3018259,6731531487453185519
3018516,6746746001093124492
3018515,6746746001093124492
3018465,6743406247408636275
3015776,6504579939449281189
3017844,6709016912436774894
3013422,6329774431199672276
3013426,6329774431199672276
3013432,6329774431199672276
3015742,6503886851989742456
3013750,6360534493052391594
3013876,6377257798622868764
3014916,6420746889410490484
3014138,6404781512423705021
3015799,6509411090462479683
3017843,6709016912436774894
3015765,6504261433267509763
3015610,5884052397487102682
3014914,6420746889410490484
3014924,6420746889410490484
3014919,6420746889410490484
3014921,6420746889410490484
3014920,6420746889410490484
3015095,6467926293408209444
3018283,6663251802501149001
3018588,6750456844231230080
3015288,6483183228424412720
3018281,6509411090462479683
3016780,6608981128307081295
3016778,6608981132613854443
3015867,6515467642889939113
3016777,6608610038837765502
3015453,6493056095520455161
3015857,6512044979156779964
3015526,6494610074814726233
3015936,6503886851989742456
3018488,6744519532996547705
3018332,6735242365013920681
3018280,6732102065284309875
3018279,6732102065284309875
3018278,6732102065284309875
3018277,6732102039498750499
3018258,6731531487453185519
3018257,6731531487453185519
3018256,6731531487453185519
3018255,6731531487453185519
3016216,6559117202245677398
3016218,6559117206554346748
3016219,6559117206554346748
3016224,4444407354548345713
3017102,6639502372798296735
3017100,6600817258768781166
3016240,6503886851989742456
3018385,6738953221005477209
3017178,6602301595191999639
3016265,6561396507097706603
3016299,6564079813639500371
3016315,6482812147547908632
3016323,5574352484845039347
3016332,6503886851989742456
3016349,6340881530159757363
3016404,6556860398805885460
3016458,6579294301472239381
3016476,6580778646467690560
3016488,6582083264255748125
3016489,6582083264255748125
3016490,6582083264255748125
3016491,6369143200946435998
3016503,6564821983977471885
3016507,6340169115344376382
3016519,6586566772026051353
3016522,6586566772026051353
3016527,6587087090134143029
3016538,6590055775824106125
3016539,6590055775824106125
3016541,6590055775824106125
3016542,6590055775824106125
3016543,6590055775824106125
3016549,6590055780140652696
3018593,6708895287521390437
3016559,6591540112226596791
3016564,6591841339757887573
3016566,6591841344067664732
3016567,6591841344067664732
3016574,6592653380675954999
3016575,6592653380675954999
3017556,6495633290643460023
3016691,6603043756927221070
3017213,4444407354548345713
3016593,6596364219493456133
3016594,6596364219493456133
3016602,6483439960094487942
3018430,6740808638287391778
3016641,6600075084133912998
3016643,6600075084133912998
3016645,6561737037848187364
3016646,6561737037848187364
3016653,6600817263075587480
3016655,6600817263075587480
3016657,6600817263087321882
3016659,6600817263087321882
3016665,6600817258768781166
3016697,6054071199045107143
3016700,6205066714275747386
3018220,6730418231930069231
3018219,6730418231930069231
3018218,6730207817187286778
3016720,6604832554983217533
3016723,6605270280861313810
3018081,6483439620792119926
3016732,6605850621134324876
3018474,6743777328272336527
3018472,6509411090462479683
3016752,6606754612965930200
3016753,6606754612965930200
3018064,6729676078808411821
3018063,6729676078808411821
3016764,6607496791931098853
3016769,6607867868488998539
3018062,6729676078808411821
3018061,6729676078808411821
3018060,6729676078808411821
3018059,6729676078808411821
3016804,6611207647955078058
3016808,6611207652261864482
3018055,6729676074497726001
3018054,6729676074497726001
3018405,6739324289000009996
3016816,6612947380281113035
3016817,6612947380281113035
3018404,6739324289000009996
3018026,6724954793090029293
3018025,6724954793090029293
3018024,6724954793090029293
3018023,6724954793090029293
3016829,6614176316453391621
3016830,6590055784446486571
3018022,6724954793090029293
3018021,6724954793090029293
3018020,6724954784484364121
3016838,6615157566192072462
3016839,6615157566192072462
3018429,6740808638287391778
3018273,6732102039498750499
3018403,6739324297605666385
3018402,6739324297605666385
3017977,6719285676698882249
3017976,6719285676698882249
3017439,6615289567681558080
3016851,6509411090462479683
3017975,6719285676698882249
3017974,6719285676698882249
3017971,6672900017017181835
3016862,6617144997848392725
3016863,6617144997848392725
3016869,6617144997860201213
3017969,6483439960094487942
3017966,6694051876251473363
3018557,6748972512139398084
3018414,6635049389360520454
3018412,6605850621134324876
3017959,6717801331706412731
3017958,6717801331706412731
3017957,6717801331706412731
3017956,6717801331706412731
3016886,6617516091612664963
3016887,6617516091612664963
3016892,6618518987951129568
3016893,6618518987951129568
3016894,6618518987951129568
3016895,6618518987951129568
3016896,6618518987951129568
3016899,6618921761394213486
3016900,6618921761394213486
3016901,6618921761394213486
3018698,6756023143321692922
3018915,6630225239143940941
3017923,5574352484845039347
3017922,5574352484845039347
3018461,6743406243097940072
3017921,5574352484845039347
3017920,5574352484845039347
3017919,5574352484845039347
3018439,6741921889515592049
3016920,6621507580838095037
3016922,6621969105115282508
3018460,6743406243097940072
3016934,6625772217054401138
3016935,6625772217054401138
3016936,6625772221361161233
3016939,6625772221361161233
3018029,6704611512957376444
3017945,6715574820660126218
3017943,6715574820660126218
3017215,4444407354548345713
3017214,4444407354548345713
3016956,6627868496099377695
3016959,6628508287315659941
3016960,6628508287315659941
3016961,6629111983620821816
3018241,6731160410884517310
3016966,6629483068807035862
3016972,6608981132613854443
3016974,6630225239143940941
3016975,6630225239143940941
3016977,6630225239143940941
3016978,6630225239143940941
3016982,6630736361727036786
3016984,6483439960094487942
3016987,6205066714275747386
3016988,6205066714275747386
3016989,6205066714275747386
3016990,6205066714275747386
3017882,6710379628234622010
3017881,6710379628234622010
3017880,6710379628234622010
3017868,6709637466475826284
3017004,6633800597569186314
3017948,6717232282899412605
3017879,6710379628234622010
3017877,6710379628234622010
3017856,6709016942564432043
3017855,6709016942564432043
3017942,6715574820660126218
3017934,6714832654606362565
3017016,6634034819303877195
3017933,6714832654606362565
3018464,6743406247408636275
3017027,6635049389360520454
3017028,6635049389360520454
3017846,6709016912436774894
3017845,6709016912436774894
3017839,6708895300437749947
3017837,6708895300437749947
3017041,6636162606228935129
3017042,6636424689428284474
3017043,6636424689428284474
3017044,6636424689428284474
3017045,6636424689428284474
3017046,6636424689428284474
3017047,6636424689428284474
3017050,6636424693735082980
3017054,6636904785182338616
3017055,6636904785182338616
3017056,6636904793784103510
3017057,6636904793784103510
3017060,6636904798102638465
3017061,6636904798102638465
3017062,6636904798102638465
3017063,6636904798102638465
3017064,6636904798102638465
3017070,6637275926176549691
3017072,6637436467762047922
3017073,6637436467762047922
3017074,6637436467762047922
3017075,6637436467762047922
3017077,6638018032112621722
3017080,6564821983977471885
3017082,6638464717289529796
3017083,6638464717289529796
3017084,6638760275463973492
3017085,5574352484845039347
3017089,6483439960094487942
3017090,6483439960094487942
3017834,6708895287521390437
3017098,6509411090462479683
3017099,4444407354548345713
3017103,6639502372798296735
3017104,6639502372798296735
3017105,6639502372798296735
3017990,6509411090462479683
3017108,6639502372798296735
3018484,6744519532996547705
3018524,6721141102570757737
3017112,6639502372798296735
3017205,6652490328131621565
3017204,6495633290643460023
3017115,6639502381414794956
3017116,6639873466562603339
3017117,6639873466562603339
3017118,6639873466562603339
3017119,6639873466562603339
3017833,6708895287521390437
3017127,6640244547465632077
3017133,6640615628321450681
3017136,6640615632628218465
3018046,6728191725178817594
3017830,6605850621134324876
3017826,6707548437332739802
3017146,6644538733053955211
3017149,6645068628939055563
3017150,6645068628939055563
3017151,6645068628939055563
3017153,6580778646467690560
3017159,6630225239143940941
3017160,6647295139985340216
3017161,6647295139985340216
3017796,6705555525246980754
3017795,6705555525246980754
3017793,6705555529557713720
3017167,6647295144305844341
3018323,6694051876251473363
3018322,6684032572248422062
3017873,6710008534459509260
3017872,6710008534459509260
3017752,6700360337116455071
3017751,6700360337116455071
3017828,5574352484845039347
3017871,6710008534459509260
3017188,5574352484845039347
3017189,6650634910849646416
3017190,6650634910849646416
3017191,6650634910849646416
3017192,6650634910849646416
3017193,6650634910862428290
3017194,6650634910862428290
3017195,6650634910862428290
3017199,6651005996036800262
3017218,6655830103316436170
3017203,6639502381402985027
3017206,6652490328131621565
3017207,6652490328131621565
3017209,6652861421895915682
3017211,6652861421895915682
3018045,6728191725178817594
3017890,6710750713393304636
3017889,6710750713393304636
3017888,6710750713393304636
3017887,6710750713393304636
3017869,6663251806821617769
3017803,6706297699906433830
3017737,6699247081593336006
3017230,6656201184183099522
3017231,6656201184183099522
3017232,6656201184183099522
3017235,6656201184195900205
3017736,6699247081593336006
3017735,6699247081593336006
3017734,6699247081593336006
3017733,6699247081593336006
3017815,6706668789391533833
3017814,6706668789391533833
3017258,6658185759708791848
3017267,6659169865565327786
3017270,6509411090462479683
3017272,6512044979156779964
3017286,6660654210583344814
3017287,6660654210583344814
3017288,6533650837922883474
3017289,6661025291437189467
3017294,6661025291437189467
3017295,6661025295744894397
3017296,6661025295744894397
3017297,6661025295757684757
3017298,6661025300065423281
3017300,5574352484845039347
3017305,6663251802501149001
3017306,6663251802501149001
3017308,6663251802513887902
3017309,6663251806821617769
3017310,6663251806821617769
3017312,6663374617073255744
3017895,6635049389360520454
3017593,6686259083294657265
3017804,6674384353419662170
3017758,6704442278329532689
3017932,6714832654606362565
3017325,6664474510953129988
3017326,6664474510953129988
3017327,6664474510953129988
3017335,6533650837922883474
3017336,6509411090462479683
3018814,6483439960094487942
3017341,6665478313557197835
3017342,6665478313557197835
3017343,6665478313557197835
3017344,6665478313557197835
3017345,6665478313557197835
3017346,6665478313557197835
3017347,6665478313557197835
3018353,6737468867438815777
3018352,6737468867438815777
3018351,6737468833063345919
3017355,6522382226703850441
3017691,6698424427836727202
3017690,6698424427836727202
3017802,6706297699906433830
3017801,6706297699906433830
3017800,6706297699906433830
3018416,6740437553113045043
3017682,6663251806821617769
3017679,6696781315083186514
3017678,6696781315083186514
3017677,6696781315083186514
3017370,6668446999233386362
3017371,6668446999233386362
3017372,6668446999233386362
3017373,6668446999233386362
3017374,6668446999233386362
3017376,6668818075804074437
3017377,6668818075804074437
3017675,6483439620792119926
3017380,6669189173877112338
3017382,6669189173877112338
3017384,6669189173877112338
3017386,6669189173877112338
3017387,6669189173877112338
3017388,6669189173877112338
3017533,6680321716209656728
3017532,6680321716209656728
3017531,6680321716209656728
3017530,6680321716209656728
3017408,5574352484845039347
3017409,6635049389360520454
3017410,6670302416501559250
3017417,6670673510279675006
3017418,6670673505970890872
3017419,6670673510279675006
3017420,6670673510279675006
3017421,6670673505970890872
3017422,6670673505970890872
3017427,6670673514588381457
3017428,6670673514588381457
3017429,6670673514588381457
3017430,6670673518897108768
3017431,6670673518897108768
3017432,6670673518897108768
3017592,6686259083294657265
3017440,6615289567681558080
3017674,6509411090462479683
3017443,6671786757199090079
3017451,6672528927552721617
3017454,6672900017017181835
3017995,6635049389360520454
3017456,6615157566192072462
3017461,6673362176973057551
3017462,6533650837922883474
3017463,6673642183070938903
3017464,6674384353419662170
3017465,6509411090462479683
3017468,6675126523768407552
3017470,6675126523768407552
3017471,6675126523768407552
3017472,6675126523768407552
3017473,6675126523768407552
3017474,6675126523768407552
3017475,6675126523768407552
3018846,6759564167763533308
3017482,6663251802513887902
3017484,6628508287315659941
3017786,5574352484845039347
3017757,6702586839557039893
3017490,6676239779291583337
3017491,6676239787901186421
3017492,6676239787901186421
3017493,6676239787901186421
3017495,6676239787901186421
3017499,6676239787901186421
3017994,6721141102570757737
3017993,6721141102570757737
3017940,6715203731190816910
3017506,6677724119989044936
3017507,6677724119989044936
3017511,6677724119989044936
3017512,6677724119989044936
3017806,6483439620792119926
3017805,6483439960094487942
3017778,6704611512957376444
3017525,6664474510953129988
3018028,6725594103188417368
3017534,6680321716209656728
3017535,6680321716209656728
3018443,6742664064175029009
3018442,6742664025504580670
3018441,6736355611915652364
3017539,6621899346256456096
3017540,6621899346256456096
3017663,6695907306418301186
3017661,6636424689428284474
3017660,6636424689428284474
3017658,6694051876251473363
3017657,6694051876251473363
3018411,6704611534495109871
3017655,6693793688602184182
3018813,6755652053852349354
3018350,6621899346256456096
3017552,6680812631001119129
3017553,6680812631001119129
3017555,6680812635310801037
3017746,6699618166767726233
3017745,6699618166767726233
3017744,6699618166767726233
3017743,6699618166767726233
3017650,6693793701516589932
3017947,6681806061216921241
3017946,6681806061216921241
3017760,6704442278329532689
3017936,6704611534495109871
3017566,6681806061216921241
3017567,6681806061216921241
3017951,6717316094891199579
3017950,6717316094891199579
3017949,6717316094891199579
3017571,6682177146376528373
3017572,6682177146376528373
3017573,6682177146376528373
3017574,5574352484845039347
3017581,6493056095520455161
3017582,6493056095520455161
3017583,6684032572248422062
3017585,6684032572248422062
3017931,6714832654606362565
3017587,6684403657422756471
3017588,6684403657422756471
3017589,6684403666027440951
3018384,6738582135831089969
3017694,6699015793340934112
3017600,6688114504871567225
3017602,6688257810750355490
3017646,6693793701516589932
3017649,6693793701516589932
3017645,6693479408650504156
3017615,6630225239143940941
3017621,6691454288635532357
3017625,6691454301535151015
3017628,6691825365205195853
3017629,6691825373809907526
3017630,6691825382414589346
3017631,6691825382414589346
3017632,6483439620792119926
3017633,6637436467762047922
3017634,6637436467762047922
3017635,6637436467762047922
3017637,6637436467762047922
3018017,6724954750061746147
3017742,6699618166767726233
3018431,6740808638287391778
3018538,6748601418359353864
3018556,6748972512139398084
3018555,6708895300437749947
3018716,6756580011618076852
3018589,6750456844231230080
3018714,6756580011618076852
3018877,6761960510406598187
3018764,6758620752443931165
3018662,6753425538511135423
3018661,6483439960094487942
3018511,6635049389360520454
3018512,6676239779291583337
3018528,6748230341790626839
3018529,6748230341790626839
3018633,6751941193518626307
3018632,6751941193518626307
3018762,6696781315083186514
3018636,6751941193518626307
3018540,6748601418359353864
3018541,6748601426965031460
3018542,6748601426965031460
3018774,6758991837618298315
3018611,6751570134130770068
3018553,6748601444192045203
3018638,6751941193518626307
3018602,6751199027464890709
3018768,6590055775824106125
3018908,6756580003011439560
3018907,6483439620792119926
3018979,6770495495220479639
3018876,6761589433822206717
3018875,6761589433822206717
3018874,6761589433822206717
3018760,6758249658662849194
3018913,6766180552014842236
3018806,6759450329688771319
3018808,6759450329688771319
3018843,6724954758683154898
3018845,6759504622336998211
3019021,6493056095520455161
3019085,6772721989053447640
3019120,6753425538511135423
